[
  {
    "id": "5a5e8189-3f6d-43ba-b1e2-3533be6b282f",
    "data": [
      {
        "text": "what are ",
        "userDefined": false
      },
      {
        "text": "hours of work",
        "alias": "topic",
        "meta": "@Topic",
        "userDefined": true
      },
      {
        "text": "?",
        "userDefined": false
      }
    ],
    "isTemplate": false,
    "count": 0,
    "updated": 0
  },
  {
    "id": "5ec00837-cc9e-4256-8edc-0b01c45aedc7",
    "data": [
      {
        "text": "Discipline",
        "alias": "topic",
        "meta": "@Topic",
        "userDefined": true
      },
      {
        "text": ", what is it?",
        "userDefined": false
      }
    ],
    "isTemplate": false,
    "count": 0,
    "updated": 0
  },
  {
    "id": "fa668600-ddb0-49da-b068-433d16f886f6",
    "data": [
      {
        "text": "I need to know about ",
        "userDefined": false
      },
      {
        "text": "discipline",
        "alias": "topic",
        "meta": "@Topic",
        "userDefined": true
      }
    ],
    "isTemplate": false,
    "count": 0,
    "updated": 0
  },
  {
    "id": "dc85bec3-d0ad-412d-b235-340c7fb0e1e6",
    "data": [
      {
        "text": "can you lookup ",
        "userDefined": false
      },
      {
        "text": "discipline",
        "alias": "topic",
        "meta": "@Topic",
        "userDefined": true
      },
      {
        "text": "?",
        "userDefined": false
      }
    ],
    "isTemplate": false,
    "count": 0,
    "updated": 0
  },
  {
    "id": "27b7a909-e31e-4344-9c2c-cd9fd710ca2d",
    "data": [
      {
        "text": "Where can I find out about ",
        "userDefined": false
      },
      {
        "text": "discipline",
        "alias": "topic",
        "meta": "@Topic",
        "userDefined": true
      },
      {
        "text": "?",
        "userDefined": false
      }
    ],
    "isTemplate": false,
    "count": 0,
    "updated": 0
  },
  {
    "id": "53583a87-5027-4ff9-9518-182932a695a4",
    "data": [
      {
        "text": "What is ",
        "userDefined": false
      },
      {
        "text": "discipline",
        "alias": "topic",
        "meta": "@Topic",
        "userDefined": true
      },
      {
        "text": "?",
        "userDefined": false
      }
    ],
    "isTemplate": false,
    "count": 0,
    "updated": 0
  },
  {
    "id": "c171dee8-e763-4bc3-be19-c51f0e6f3148",
    "data": [
      {
        "text": "I want to know about ",
        "userDefined": false
      },
      {
        "text": "discipline",
        "alias": "topic",
        "meta": "@Topic",
        "userDefined": true
      }
    ],
    "isTemplate": false,
    "count": 0,
    "updated": 0
  },
  {
    "id": "a68ac7a2-df49-4343-9bd3-6c29f609a286",
    "data": [
      {
        "text": "I\u0027d like to know about ",
        "userDefined": false
      },
      {
        "text": "discipline",
        "alias": "topic",
        "meta": "@Topic",
        "userDefined": true
      }
    ],
    "isTemplate": false,
    "count": 0,
    "updated": 0
  }
]