[
  {
    "id": "94edb35d-75c6-4424-9111-fedeb20bf93f",
    "data": [
      {
        "text": "When do you close ?",
        "userDefined": false
      }
    ],
    "isTemplate": false,
    "count": 0,
    "updated": 0
  },
  {
    "id": "78b8f0db-574b-495a-93c6-2596414927de",
    "data": [
      {
        "text": "Are you open ",
        "userDefined": false
      },
      {
        "text": "today",
        "alias": "date-time",
        "meta": "@sys.date-time",
        "userDefined": false
      },
      {
        "text": " ?",
        "userDefined": false
      }
    ],
    "isTemplate": false,
    "count": 0,
    "updated": 0
  },
  {
    "id": "a181550d-3870-4b67-8230-1276f350089f",
    "data": [
      {
        "text": "Are you open right now ?",
        "userDefined": false
      }
    ],
    "isTemplate": false,
    "count": 0,
    "updated": 0
  },
  {
    "id": "1669fc00-7ade-4cfa-8132-d90b76de549d",
    "data": [
      {
        "text": "What time do you open ?",
        "userDefined": false
      }
    ],
    "isTemplate": false,
    "count": 0,
    "updated": 0
  }
]