[
  {
    "id": "4cd83925-3b56-4364-a6a2-6adf12ce2e3c",
    "data": [
      {
        "text": "When do you close ?",
        "userDefined": false
      }
    ],
    "isTemplate": false,
    "count": 0,
    "updated": 0
  },
  {
    "id": "f1113836-24b8-4a29-9bd2-9f1b9dfdd8cf",
    "data": [
      {
        "text": "Are you open ",
        "userDefined": false
      },
      {
        "text": "today",
        "alias": "date-time",
        "meta": "@sys.date-time",
        "userDefined": false
      },
      {
        "text": " ?",
        "userDefined": false
      }
    ],
    "isTemplate": false,
    "count": 0,
    "updated": 0
  },
  {
    "id": "f7d5ca50-39d4-46b3-82fc-b36603642555",
    "data": [
      {
        "text": "Are you open right now ?",
        "userDefined": false
      }
    ],
    "isTemplate": false,
    "count": 0,
    "updated": 0
  },
  {
    "id": "5c093800-4920-4586-9a4b-4fb3c123b526",
    "data": [
      {
        "text": "What time do you open ?",
        "userDefined": false
      }
    ],
    "isTemplate": false,
    "count": 0,
    "updated": 0
  }
]