[
  {
    "id": "cc8876e4-4268-4a69-8b98-10fd8b11a86c",
    "data": [
      {
        "text": "one",
        "alias": "number",
        "meta": "@sys.number",
        "userDefined": true
      },
      {
        "text": " ",
        "userDefined": false
      },
      {
        "text": "chocolate smoothie",
        "alias": "drink_composite",
        "meta": "@drink_composite",
        "userDefined": false
      },
      {
        "text": " please",
        "userDefined": false
      }
    ],
    "isTemplate": false,
    "count": 0,
    "updated": 0
  },
  {
    "id": "9d043a73-4451-4c8c-90bb-7af36ffab8db",
    "data": [
      {
        "text": "I want ",
        "userDefined": false
      },
      {
        "text": "one",
        "alias": "number",
        "meta": "@sys.number",
        "userDefined": true
      },
      {
        "text": " ",
        "userDefined": false
      },
      {
        "text": "vanilla milkshake with 2% milk",
        "alias": "drink_composite",
        "meta": "@drink_composite",
        "userDefined": true
      }
    ],
    "isTemplate": false,
    "count": 0,
    "updated": 0
  },
  {
    "id": "9b8f708f-d666-4c97-8266-41b5f66c2a54",
    "data": [
      {
        "text": "i want a ",
        "userDefined": false
      },
      {
        "text": "small",
        "alias": "size",
        "meta": "@size",
        "userDefined": false
      },
      {
        "text": " ",
        "userDefined": false
      },
      {
        "text": "strawberry smoothie",
        "alias": "drink_composite",
        "meta": "@drink_composite",
        "userDefined": false
      }
    ],
    "isTemplate": false,
    "count": 1,
    "updated": 0
  },
  {
    "id": "d584bbc7-8ab5-4d00-a50f-91e837eed60c",
    "data": [
      {
        "text": "two",
        "alias": "number",
        "meta": "@sys.number",
        "userDefined": false
      },
      {
        "text": " ",
        "userDefined": false
      },
      {
        "text": "large",
        "alias": "size",
        "meta": "@size",
        "userDefined": false
      },
      {
        "text": " ",
        "userDefined": false
      },
      {
        "text": "soy milk chocolate milkshakes",
        "alias": "drink_composite",
        "meta": "@drink_composite",
        "userDefined": false
      }
    ],
    "isTemplate": false,
    "count": 0,
    "updated": 0
  },
  {
    "id": "4a86b409-a367-409d-80b3-3713d06f62a4",
    "data": [
      {
        "text": "i\u0027d like to order a ",
        "userDefined": false
      },
      {
        "text": "rasberry smoothie",
        "alias": "drink_composite",
        "meta": "@drink_composite",
        "userDefined": false
      },
      {
        "text": " please",
        "userDefined": false
      }
    ],
    "isTemplate": false,
    "count": 0,
    "updated": 0
  },
  {
    "id": "019f6dbe-3797-4865-956f-341e2b742bed",
    "data": [
      {
        "text": "I would like a ",
        "userDefined": false
      },
      {
        "text": "mocha smoothie",
        "alias": "drink_composite",
        "meta": "@drink_composite",
        "userDefined": false
      }
    ],
    "isTemplate": false,
    "count": 0,
    "updated": 0
  }
]