[
  {
    "value": "pepper",
    "synonyms": [
      "pepper"
    ]
  },
  {
    "value": "mushroom",
    "synonyms": [
      "mushroom",
      "mushrooms"
    ]
  },
  {
    "value": "bacon",
    "synonyms": [
      "bacon",
      "bacon pieces",
      "bacon strips",
      "bacon slices",
      "bacon bits"
    ]
  },
  {
    "value": "vegetarian",
    "synonyms": [
      "vegetarian",
      "veggie"
    ]
  },
  {
    "value": "cheese",
    "synonyms": [
      "cheese"
    ]
  },
  {
    "value": "jalepeno",
    "synonyms": [
      "jalepeno",
      "hot peppers"
    ]
  },
  {
    "value": "sausage",
    "synonyms": [
      "sausage"
    ]
  },
  {
    "value": "onion",
    "synonyms": [
      "onion"
    ]
  },
  {
    "value": "ham",
    "synonyms": [
      "ham"
    ]
  },
  {
    "value": "pineapple",
    "synonyms": [
      "pineapple"
    ]
  },
  {
    "value": "chicken",
    "synonyms": [
      "chicken"
    ]
  }
]